Source,Institution,Article/Report Title,Date,Summary,Asset,View,Expected Return Change,Confidence Level
Bloomberg,Goldman Sachs,Goldman Sachs sees 30% upside for Chinese stocks through 2027,"Oct 21, 2025","GS sees 30% upside for Chinese stocks due to policy support, earnings growth, and valuation expansion.",China Equity,30% upside by end-2027 (~12% per year),+4%,0.75
Reuters,Morgan Stanley,Morgan Stanley raises Chinese stock targets again on earnings optimism,"Mar 26, 2025",MS raises target on Chinese stocks as earnings expectations improve.,China Equity,GDP growth 4.8% in 2025,+0%,0.8
IMF.org,IMF,People’s Republic of China and the IMF – At a Glance,2025,IMF forecasts China GDP growth at 4.8% for 2025.,China Equity,Structural growth shift to internal demand & sectors rather than exports,+1%,0.65
Allianz Global Investors,Allianz Global Investors,Ten Reasons to (re)consider China Equities,"Oct 9, 2025","Allianz highlights 10 reasons to reconsider Chinese stocks, including buybacks, dividend increases, and domestic liquidity.",China Equity,Share buybacks & higher dividends will drive valuation expansion,+2%,0.7
Morgan Stanley,Morgan Stanley Insights,Stimulus Fatigue: China Can’t Band-Aid Its Way to Recovery,2025,Morgan Stanley discusses the ongoing fatigue of stimulus measures in China and their effects on long-term growth.,China Equity,Stimulus fatigue & high debt/real-estate risk may cap upside,-2%,0.6
Eastspring Investments,Eastspring Investments,China equities – Scaling the great wall of worries,"Jul 4, 2025","Eastspring argues that despite challenges, Chinese stocks remain undervalued compared to global peers.",China Equity,Valuation still discounted vs global peers – potential catch-up,+3%,0.7
Goldman Sachs Research,Goldman Sachs,Asia Outlook 2025: Positioning for Trade War Two,"Dec 2, 2024",GS discusses the impact of US-China trade tensions on the Asian markets and forecasts mixed outcomes for 2025.,China Equity,Trade war stage 2 & external risk increase,-1.5%,0.55
Carnegie Endowment,Carnegie Endowment for International Peace,How to Predict China’s Economic Performance for 2025: A Sectoral View,May 2025,Carnegie provides an in-depth sectoral analysis of China’s economic outlook for 2025.,China Equity,GDP forecast raised to ~4.5% for 2025,+1%,0.7
Reuters / China Daily HK,IMF via media,IMF urges Asia to cut trade barriers to beat US tariffs,"Oct 24, 2025",IMF advises Asia to reduce trade barriers to overcome the effects of US tariffs.,China Equity,US tariffs & trade barriers remain threat to China export-led firms,-1.5%,0.55
Goldman Sachs,Goldman Sachs Research,Goldman Sachs sees 30% upside for Chinese stocks through 2027,"Oct 21, 2025","Goldman Sachs forecasts a 30% upside for Chinese stocks based on policy support, corporate earnings, and valuation expansion.",China Bond,China bond yields expected to rise as inflation pressures build,+1%,0.7
Reuters,Reuters,China to introduce more policies to boost domestic consumption,Dec 2025,"China will implement more measures to boost consumption, helping to stabilize domestic demand.",China Equity,Government consumption measures to stabilize the economy,+2%,0.8
IMF,IMF,IMF’s Forecast on Chinese Gold Market,Sept 2025,IMF forecasts rising gold prices due to inflation and global instability.,Gold,Gold prices likely to rise amid global uncertainty,+3%,0.75
Carnegie Endowment,Carnegie Endowment for International Peace,China’s Housing Market Outlook,Jun 2025,Carnegie highlights the future trends in the housing market amidst ongoing policy reforms.,Real Estate,Real estate market may stabilize with policy adjustments,+2%,0.65
Goldman Sachs Research,Goldman Sachs,China Real Estate Market Recovery Insights,Aug 2025,Goldman Sachs predicts a slow recovery in the real estate market due to policy adjustments and improved liquidity.,Real Estate,Real estate recovery expected post-policy adjustments,+2%,0.7
